ObservationNmb,MaturityMthsQty,"Years Till Maturity"
1469637,47,4
1469646,12,1
1469648,60,5
1469651,60,5
1469656,60,5
1469659,32,3
1480820,60,5
1480830,60,5
1480842,10,1
1480853,120,10
1480856,81,7
1480861,12,1
1480862,12,1
1480867,60,5
1480875,45,4
1480895,60,5
1480897,15,1
1480899,12,1
1480904,60,5
1480930,84,7
1480963,60,5
1480996,48,4
1481057,19,2
1481062,63,5
1481080,73,6
1481099,12,1
1481103,60,5
1481105,60,5
1481111,0,0
1481112,29,2
1481115,10,1
1481128,17,1
1481201,36,3
1481242,35,3
1481243,83,7
1481245,60,5
1481267,48,4
1481268,48,4
1481269,5,0
1481274,12,1
1481315,12,1
1481339,43,4
1481352,84,7
1481426,36,3
1481430,24,2
1481454,36,3
1481468,60,5
1481502,120,10
1481537,36,3
1481556,60,5
1481565,60,5
1481567,59,5
1481569,60,5
1481574,14,1
1481614,48,4
1481628,83,7
1481653,82,7
1481732,60,5
1481737,5,0
1481742,84,7
1481749,60,5
1481752,60,5
1481797,60,5
1481812,73,6
1481876,83,7
1481886,25,2
1481897,120,10
1481900,83,7
1481912,84,7
1481952,60,5
1481955,60,5
1481962,83,7
1481970,98,8
1481983,12,1
1482015,82,7
1482023,60,5
1482045,3,0
1482047,12,1
1482060,12,1
1482078,12,1
1482088,60,5
1482132,36,3
1482149,2,0
1482160,15,1
1482162,35,3
1482166,5,0
1482197,84,7
1482198,11,1
1482201,48,4
1482224,161,13
1482256,12,1
1482269,12,1
1482272,48,4
1482288,53,4
1482325,83,7
1482331,36,3
1482347,48,4
1482390,92,8
1482396,80,7
1482420,83,7
1482426,35,3
1482436,60,5
1482442,12,1
1482474,20,2
1482487,12,1
1482489,60,5
1482514,60,5
1482565,32,3
1482603,44,4
1482621,6,1
1482624,48,4
1482628,60,5
1482636,24,2
1482637,36,3
1482644,30,3
1482750,13,1
1482767,84,7
1482771,12,1
1482775,61,5
1482787,82,7
1482793,83,7
1482795,12,1
1482798,82,7
1482839,60,5
1482841,12,1
1482879,12,1
1482921,82,7
1482958,12,1
1482959,16,1
1482973,60,5
1482977,133,11
1482983,24,2
1483002,10,1
1483012,15,1
1483016,60,5
1483061,12,1
1483085,24,2
1483106,60,5
1483133,60,5
1483157,2,0
1483190,23,2
1483231,12,1
1483249,83,7
1483277,83,7
1483281,36,3
1483351,7,1
1483386,8,1
1483387,82,7
1483394,48,4
1483408,83,7
1483415,27,2
1483427,13,1
1483433,74,6
1483444,12,1
1483446,24,2
1483448,24,2
1483498,22,2
1483501,60,5
1483522,24,2
1483526,60,5
1483531,84,7
1483560,60,5
1483579,12,1
1483596,83,7
1483691,12,1
1483694,84,7
1483712,60,5
1483786,83,7
1483788,48,4
1483796,12,1
1483819,60,5
1483827,12,1
1483836,48,4
1483839,13,1
1483849,48,4
1483924,5,0
1483943,11,1
1484019,26,2
1484020,3,0
1484024,24,2
1484025,60,5
1484032,82,7
1484041,60,5
1484051,84,7
1484059,84,7
1484060,36,3
1484063,17,1
1484064,56,5
1484070,8,1
1484095,82,7
1484104,84,7
1484105,84,7
1484110,12,1
1484119,53,4
1484121,25,2
1484231,48,4
1484240,12,1
1484250,12,1
1484296,54,5
1484308,36,3
1484319,10,1
1484330,12,1
1484405,6,1
1484410,12,1
1484417,75,6
1484420,36,3
1484453,36,3
1484477,4,0
1484478,12,1
1484480,84,7
1484520,45,4
1484529,48,4
1484549,78,7
1484550,43,4
1484563,54,5
1484570,12,1
1484612,82,7
1484646,60,5
1484657,36,3
1484685,13,1
1484709,31,3
1484719,83,7
1484756,33,3
1484761,36,3
1484763,61,5
1484775,82,7
1484778,78,7
1484808,12,1
1484816,60,5
1484830,21,2
1484864,45,4
1484866,35,3
1484869,84,7
1484889,84,7
1484905,60,5
1484919,72,6
1484923,5,0
1484936,67,6
1484956,21,2
1484965,48,4
1484974,60,5
1484987,60,5
1485004,12,1
1485021,48,4
1485028,48,4
1485048,59,5
1485059,84,7
1485066,60,5
1485068,83,7
1485071,12,1
1485105,12,1
1485116,60,5
1485129,12,1
1485130,48,4
1485135,48,4
1485144,80,7
1485145,36,3
1485164,36,3
1485203,5,0
1485220,83,7
1485224,4,0
1485236,34,3
1485237,60,5
1485248,12,1
1485264,12,1
1485266,84,7
1485290,59,5
1485341,2,0
1485351,24,2
1485360,48,4
1485364,48,4
1485379,60,5
1485380,60,5
1485386,60,5
1485388,1,0
1485431,60,5
1485446,60,5
1485461,60,5
1485467,12,1
1485468,36,3
1485490,28,2
1485500,12,1
1485503,12,1
1485545,12,1
1485561,12,1
1485572,60,5
1485576,84,7
1485577,60,5
1485578,60,5
1485579,43,4
1485625,1,0
1485701,84,7
1485717,12,1
1485723,12,1
1485726,12,1
1485732,37,3
1485738,4,0
1485739,48,4
1485751,48,4
1485752,48,4
1485753,16,1
1485755,95,8
1485759,14,1
1485807,60,5
1485866,10,1
1485867,60,5
1485898,60,5
1485912,60,5
1485922,34,3
1485923,39,3
1485971,2,0
1485987,36,3
1485995,84,7
1485998,83,7
1486006,28,2
1486008,60,5
1486017,60,5
1486018,60,5
1486049,60,5
1486050,36,3
1486074,80,7
1486120,24,2
1486121,36,3
1486134,35,3
1486138,60,5
1486141,12,1
1486182,120,10
1486188,83,7
1486193,48,4
1486242,14,1
1486244,34,3
1486254,48,4
1486320,35,3
1486339,50,4
1486341,24,2
1486349,75,6
1486388,5,0
1486399,82,7
1486405,12,1
1486415,33,3
1486416,37,3
1486435,60,5
1486438,47,4
1486456,60,5
1486470,48,4
1486472,48,4
1486482,23,2
1486518,60,5
1486519,12,1
1486527,36,3
1486530,60,5
1486536,52,4
1486547,0,0
1486568,48,4
1486582,60,5
1486591,12,1
1486603,24,2
1486607,57,5
1486614,24,2
1486618,12,1
1486630,6,1
1486679,60,5
1486680,78,7
1486684,36,3
1486774,60,5
1486803,72,6
1486814,96,8
1486847,83,7
1486855,60,5
1486880,60,5
1486920,60,5
1486934,12,1
1486942,48,4
1486945,12,1
1486954,60,5
1486978,48,4
1487033,77,6
1487036,60,5
1487037,60,5
1487066,60,5
1487073,60,5
1487117,2,0
1487129,24,2
1487135,48,4
1487191,12,1
1487212,60,5
1487219,24,2
1487223,59,5
1487226,72,6
1487237,60,5
1487251,60,5
1487305,35,3
1487313,60,5
1487315,12,1
1487331,60,5
1487360,36,3
1487373,12,1
1487401,70,6
1487407,89,7
1487408,83,7
1487427,24,2
1487428,59,5
1487464,76,6
1487483,12,1
1487485,60,5
1487498,30,3
1487500,81,7
1487504,60,5
1487547,60,5
1487581,60,5
1487608,24,2
1487617,60,5
1487620,36,3
1487633,14,1
1487671,60,5
1487689,12,1
1487694,3,0
1487696,60,5
1487712,36,3
1487715,75,6
1487734,18,2
1487744,60,5
1487755,12,1
1487786,48,4
1487840,81,7
1487854,8,1
1487855,18,2
1487863,114,10
1487865,48,4
1487884,48,4
1487906,79,7
1487908,12,1
1487914,17,1
1487953,60,5
1487965,48,4
1488003,36,3
1488077,12,1
1488104,66,6
1488127,12,1
1488133,24,2
1488139,84,7
1488166,24,2
1488197,44,4
1488211,15,1
1488213,60,5
1488236,60,5
1488245,35,3
1488251,50,4
1488275,12,1
1488278,83,7
1488279,84,7
1488296,1,0
1488297,60,5
1488299,60,5
1488319,7,1
1488322,78,7
1488324,26,2
1488402,84,7
1488458,72,6
1488467,60,5
1488472,24,2
1488480,36,3
1488482,17,1
1488485,60,5
1488497,60,5
1488498,36,3
1488546,24,2
1488551,60,5
1488554,48,4
1488602,60,5
1488603,84,7
1488621,60,5
1488624,26,2
1488665,4,0
1488675,48,4
1488679,60,5
1488690,83,7
1488718,33,3
1488744,60,5
1488772,186,16
1488804,60,5
1488811,60,5
1488816,36,3
1488817,60,5
1488821,80,7
1488843,60,5
1488844,28,2
1488851,24,2
1488860,31,3
1488870,60,5
1488880,60,5
1488882,119,10
1488892,84,7
1488893,60,5
1488896,60,5
1488924,84,7
1489001,71,6
1489004,6,1
1489005,48,4
1489014,48,4
1489043,24,2
1489044,12,1
1489056,21,2
1489063,81,7
1489065,29,2
1489074,5,0
1489095,84,7
1489097,24,2
1489103,12,1
1489104,60,5
1489106,60,5
1489108,26,2
1489111,28,2
1489138,30,3
1489139,2,0
1489202,120,10
1489211,12,1
1489217,36,3
1489231,0,0
1489236,36,3
1489238,12,1
1489242,48,4
1489294,46,4
1489297,36,3
1489333,82,7
1489341,60,5
1489385,84,7
1489388,82,7
1489414,23,2
1489418,48,4
1489420,58,5
1489421,7,1
1489430,24,2
1489445,83,7
1489482,60,5
1489484,12,1
1489530,60,5
1489545,12,1
1489565,48,4
1489566,48,4
1489578,60,5
1489579,9,1
1489614,24,2
1489661,10,1
1489670,48,4
1489695,35,3
1489697,36,3
1489704,60,5
1489714,83,7
1489812,12,1
1489818,12,1
1489820,36,3
1489821,24,2
1489834,60,5
1489850,52,4
1489882,3,0
1489885,60,5
1489910,24,2
1489917,24,2
1489918,24,2
1489923,36,3
1489945,60,5
1489957,5,0
1489962,60,5
1489977,13,1
1489986,48,4
1489996,26,2
1490004,13,1
1490034,84,7
1490035,38,3
1490099,60,5
1490127,21,2
1490130,35,3
1490140,24,2
1490159,60,5
1490179,36,3
1490181,80,7
1490230,84,7
1490234,8,1
1490240,83,7
1490312,60,5
1490324,83,7
1490367,24,2
1490371,10,1
1490374,60,5
1490375,53,4
1490379,44,4
1490383,12,1
1490392,48,4
1490414,50,4
1490556,16,1
1490565,60,5
1490572,35,3
1490576,12,1
1490577,1,0
1490578,36,3
1490592,79,7
1490606,12,1
1490608,48,4
1490629,84,7
1490652,60,5
1490653,60,5
1490657,36,3
1490658,84,7
1490659,60,5
1490694,69,6
1490697,60,5
1490717,24,2
1490726,84,7
1490757,3,0
1490758,18,2
1490767,83,7
1490771,60,5
1490773,83,7
1490774,12,1
1490782,77,6
1490801,48,4
1490819,14,1
1490822,36,3
1490849,12,1
1490876,60,5
1490880,24,2
1490881,48,4
1490889,36,3
1490901,46,4
1490917,60,5
1490947,24,2
1490965,24,2
1490967,47,4
1490970,82,7
1490971,84,7
1490999,82,7
1491002,24,2
1491007,83,7
1491014,84,7
1491016,40,3
1491021,12,1
1491023,84,7
1491028,24,2
1491037,70,6
1491043,48,4
1491045,3,0
1491109,60,5
1491117,42,4
1491121,60,5
1491132,15,1
1491135,84,7
1491137,116,10
1491150,12,1
1491213,24,2
1491215,24,2
1491222,83,7
1491227,18,2
1491228,48,4
1491230,24,2
1491231,24,2
1491237,23,2
1491238,82,7
1491239,24,2
1491241,24,2
1491243,36,3
1491244,24,2
1491249,34,3
1491259,24,2
1491314,24,2
1491317,72,6
1491321,24,2
1491324,60,5
1491352,82,7
1491354,4,0
1491400,47,4
1491425,72,6
1491426,12,1
1491454,24,2
1491460,24,2
1491466,82,7
1491467,24,2
1491471,60,5
1491473,24,2
1491476,60,5
1491486,24,2
1491488,7,1
1491489,60,5
1491495,20,2
1491505,84,7
1491506,60,5
1491579,39,3
1491608,36,3
1491619,12,1
1491634,12,1
1491643,83,7
1491655,12,1
1491657,60,5
1491680,60,5
1491681,60,5
1491684,36,3
1491688,6,1
1491727,84,7
1491753,48,4
1491768,36,3
1491804,12,1
1491839,60,5
1491843,48,4
1491858,12,1
1491874,15,1
1491877,84,7
1491903,78,7
1491915,78,7
1491921,18,2
1491925,12,1
1491936,11,1
1491938,60,5
1491942,12,1
1491950,12,1
1491989,48,4
1491991,48,4
1491997,17,1
1492032,83,7
1492060,60,5
1492083,3,0
1492085,32,3
1492107,60,5
1492153,60,5
1492188,6,1
1492196,60,5
1492198,48,4
1492201,84,7
1492208,60,5
1492252,60,5
1492255,60,5
1492305,12,1
1492341,12,1
1492355,60,5
1492357,60,5
1492361,60,5
1492369,81,7
1492377,60,5
1492386,60,5
1492389,48,4
1492394,9,1
1492397,24,2
1492434,12,1
1492435,84,7
1492443,24,2
1492480,10,1
1492483,10,1
1492498,36,3
1492508,82,7
1492513,25,2
1492535,63,5
1492541,4,0
1492598,98,8
1492639,83,7
1492642,93,8
1492659,48,4
1492671,60,5
1492686,119,10
1492719,36,3
1492743,36,3
1492755,106,9
1492765,52,4
1492787,12,1
1492799,10,1
1492801,60,5
1492806,87,7
1492812,60,5
1492821,120,10
1492824,48,4
1492829,84,7
1492834,48,4
1492837,48,4
1492840,60,5
1492843,48,4
1492847,34,3
1492855,48,4
1492856,48,4
1492887,82,7
1492889,24,2
1492918,12,1
1492929,12,1
1492935,89,7
1492950,84,7
1492958,60,5
1492973,13,1
1492975,70,6
1493000,36,3
1493019,48,4
1493052,24,2
1493054,60,5
1493102,84,7
1493114,16,1
1493127,3,0
1493151,96,8
1493192,12,1
1493196,48,4
1493204,2,0
1493205,48,4
1493207,12,1
1493216,24,2
1493218,60,5
1493222,36,3
1493224,12,1
1493236,48,4
1493238,83,7
1493255,3,0
1493256,84,7
1493308,24,2
1493309,48,4
1493328,60,5
1493345,30,3
1493347,2,0
1493370,12,1
1493376,60,5
1493399,84,7
1493402,16,1
1493406,60,5
1493410,50,4
1493437,162,14
1493448,60,5
1493456,60,5
1493508,84,7
1493511,60,5
1493536,60,5
1493560,24,2
1493566,83,7
1493595,15,1
1493604,37,3
1493637,4,0
1493638,5,0
1493651,84,7
1493661,0,0
1493666,83,7
1493685,84,7
1493692,84,7
1493702,18,2
1493709,15,1
1493728,21,2
1493748,12,1
1493759,117,10
1493803,60,5
1493809,72,6
1493811,48,4
1493826,12,1
1493859,69,6
1493861,15,1
1493862,12,1
1493866,1,0
1493887,83,7
1493892,82,7
1493900,48,4
1493941,3,0
1493960,60,5
1493981,12,1
1494004,12,1
1494016,3,0
1494060,24,2
1494063,12,1
1494073,83,7
1494074,118,10
1494079,60,5
1494094,73,6
1494097,60,5
1494115,56,5
1494170,12,1
1494174,102,9
1494189,31,3
1494226,48,4
1494237,24,2
1494242,48,4
1494254,84,7
1494258,24,2
1494260,2,0
1494286,24,2
1494297,60,5
1494299,60,5
1494300,19,2
1494337,53,4
1494339,12,1
1494343,60,5
1494348,12,1
1494364,60,5
1494388,60,5
1494423,22,2
1494454,13,1
1494457,18,2
1494465,12,1
1494467,15,1
1494477,36,3
1494482,29,2
1494501,24,2
1494510,84,7
1494520,60,5
1494567,72,6
1494574,84,7
1494603,60,5
1494638,84,7
1494639,84,7
1494656,12,1
1494674,12,1
1494677,60,5
1494688,12,1
1494691,84,7
1494694,24,2
1494714,24,2
1494722,60,5
1494723,24,2
1494730,48,4
1494782,84,7
1494793,84,7
1494794,115,10
1494801,84,7
1494803,10,1
1494824,36,3
1494855,84,7
1494875,84,7
1494882,84,7
1494887,83,7
1494891,84,7
1494903,60,5
1494931,84,7
1494966,12,1
1494974,60,5
1495023,60,5
1495036,12,1
1495047,17,1
1495060,84,7
1495062,36,3
1495071,73,6
1495082,64,5
1495101,88,7
1495108,85,7
1495111,83,7
1495113,48,4
1495115,21,2
1495127,60,5
1495148,22,2
1495164,14,1
1495177,84,7
1495200,48,4
1495203,16,1
1495211,60,5
1495212,60,5
1495214,84,7
1495215,47,4
1495221,82,7
1495242,30,3
1495258,3,0
1495269,12,1
1495281,80,7
1495290,48,4
1495317,81,7
1495365,84,7
1495401,12,1
1495402,46,4
1495412,9,1
1495437,60,5
1495467,44,4
1495478,47,4
1495492,84,7
1495517,30,3
1495549,10,1
1495567,12,1
1495572,12,1
1495589,60,5
1495591,60,5
1495602,84,7
1495603,24,2
1495614,84,7
1495617,59,5
1495695,95,8
1495709,59,5
1495713,59,5
1495719,12,1
1495755,84,7
1495757,33,3
1495762,11,1
1495766,70,6
1495769,25,2
1495785,24,2
1495803,83,7
1495825,48,4
1495840,47,4
1495861,12,1
1495888,84,7
1495889,36,3
1495892,48,4
1495894,60,5
1495897,36,3
1495906,8,1
1495925,12,1
1496008,83,7
1496052,84,7
1496057,0,0
1496130,48,4
1496132,60,5
1496133,3,0
1496163,48,4
1496170,2,0
1496180,24,2
1496182,24,2
1496186,73,6
1496195,83,7
1496213,83,7
1496239,26,2
1496258,15,1
1496274,84,7
1496279,82,7
1496287,79,7
1496290,10,1
1496293,60,5
1496294,61,5
1496296,84,7
1496301,28,2
1496312,10,1
1496313,36,3
1496314,60,5
1496315,35,3
1496321,36,3
1496323,36,3
1496342,60,5
1496425,31,3
1496455,60,5
1496549,84,7
1496565,36,3
1496637,38,3
1496648,24,2
1496677,28,2
1496678,72,6
1496682,26,2
1496691,81,7
1496699,9,1
1496706,50,4
1496708,12,1
1496728,36,3
1496729,36,3
1496740,1,0
1496750,13,1
1496792,83,7
1496804,84,7
1496811,6,1
1496823,80,7
1496829,12,1
1496848,60,5
1496849,37,3
1496865,12,1
1496866,60,5
1496874,60,5
1496935,16,1
1496955,24,2
1496963,48,4
1496988,9,1
1496991,36,3
1497014,60,5
1497037,60,5
1497043,48,4
1497049,48,4
1497061,36,3
1497095,86,7
1497109,60,5
1497112,12,1
1497113,60,5
1497114,79,7
1497131,83,7
1497161,60,5
1497168,84,7
1497169,83,7
1497181,84,7
1497184,48,4
1497205,60,5
1497209,60,5
1497212,83,7
1497216,2,0
1497227,12,1
1497230,107,9
1497260,60,5
1497261,54,5
1497263,29,2
1497273,33,3
1497279,27,2
1497314,12,1
1497321,83,7
1497338,18,2
1497347,48,4
1497389,27,2
1497396,19,2
1497409,24,2
1497431,12,1
1497442,60,5
1497457,12,1
1497565,60,5
1497661,36,3
1497663,60,5
1497664,23,2
1497672,30,3
1497693,60,5
1497700,1,0
1497701,3,0
1497708,12,1
1497709,60,5
1497711,84,7
1497746,12,1
1497754,48,4
1497762,24,2
1497764,83,7
1497765,24,2
1497766,17,1
1497770,84,7
1497788,60,5
1497814,84,7
1497815,84,7
1497816,36,3
1497818,12,1
1497838,8,1
1497839,60,5
1497851,60,5
1497857,0,0
1497877,83,7
1497879,36,3
1497883,3,0
1497888,84,7
1497928,16,1
1497931,79,7
1497934,36,3
1497951,60,5
1497982,60,5
1498048,24,2
1498052,22,2
1498064,60,5
1498068,36,3
1498070,82,7
1498145,60,5
1498156,74,6
1498160,50,4
1498161,60,5
1498165,12,1
1498170,27,2
1498172,48,4
1498180,48,4
1498191,2,0
1498243,24,2
1498244,12,1
1498274,60,5
1498284,12,1
1498304,82,7
1498311,60,5
1498312,2,0
1498325,60,5
1498330,44,4
1498334,60,5
1498348,33,3
1498350,12,1
1498364,79,7
1498415,83,7
1498419,2,0
1498424,12,1
1498433,60,5
1498434,26,2
1498438,48,4
1498455,12,1
1498459,36,3
1498467,13,1
1498477,60,5
1498480,84,7
1498483,60,5
1498528,11,1
1498533,84,7
1498549,18,2
1498578,60,5
1498604,60,5
1498607,83,7
1498609,60,5
1498610,60,5
1498612,36,3
1498616,48,4
1498660,93,8
1498671,48,4
1498673,12,1
1498677,36,3
1498681,24,2
1498722,60,5
1498724,81,7
1498725,60,5
1498728,60,5
1498730,48,4
1498733,118,10
1498738,83,7
1498739,20,2
1498791,24,2
1498796,84,7
1498881,2,0
1498885,83,7
1498887,84,7
1498916,36,3
1498937,60,5
1498953,84,7
1498955,48,4
1499022,60,5
1499032,84,7
1499037,60,5
1499043,14,1
1499045,3,0
1499057,9,1
1499058,4,0
1499079,12,1
1499094,24,2
1499097,84,7
1499112,3,0
1499114,60,5
1499118,83,7
1499120,60,5
1499155,70,6
1499156,48,4
1499161,81,7
1499163,84,7
1499196,60,5
1499198,12,1
1499235,36,3
1499252,24,2
1499253,1,0
1499256,24,2
1499259,12,1
1499271,60,5
1499276,60,5
1499321,87,7
1499366,25,2
1499374,7,1
1499383,19,2
1499386,15,1
1499426,46,4
1499428,5,0
1499440,60,5
1499461,104,9
1499568,77,6
1499583,10,1
1499610,18,2
1499617,25,2
1499618,84,7
1499625,48,4
1499626,12,1
1499630,26,2
1499652,12,1
1499660,25,2
1499692,74,6
1499706,84,7
1499720,36,3
1499722,84,7
1499730,60,5
1499744,83,7
1499749,83,7
1499778,4,0
1499779,60,5
1499780,24,2
1499790,83,7
1499803,48,4
1499810,48,4
1499813,84,7
1499828,84,7
1499830,9,1
1499837,7,1
1499846,260,22
1499867,96,8
1499878,81,7
1499916,56,5
1499945,48,4
1499949,34,3
1499956,21,2
1499984,35,3
1500008,81,7
1500023,84,7
1500039,60,5
1500068,84,7
1500095,61,5
1500131,84,7
1500132,36,3
1500139,8,1
1500176,60,5
1500187,12,1
1500191,36,3
1500195,48,4
1500198,12,1
1500212,48,4
1500215,60,5
1500216,35,3
1500217,60,5
1500219,9,1
1500272,60,5
1500294,24,2
1500328,12,1
1500335,12,1
1500393,33,3
1500394,64,5
1500418,12,1
1500433,62,5
1500455,60,5
1500464,83,7
1500466,84,7
1500467,60,5
1500475,36,3
1500481,24,2
1500539,15,1
1500554,31,3
1500569,81,7
1500574,80,7
1500579,36,3
1500582,60,5
1500603,84,7
1500608,12,1
1500610,2,0
1500623,27,2
1500624,84,7
1500634,12,1
1500637,1,0
1500640,36,3
1500672,84,7
1500677,45,4
1500717,36,3
1500783,12,1
1500787,60,5
1500800,84,7
1500805,12,1
1500808,83,7
1500812,60,5
1500838,24,2
1500845,19,2
1500847,59,5
1500849,82,7
1500871,84,7
1500918,32,3
1500934,12,1
1500972,59,5
1501003,36,3
1501039,12,1
1501048,21,2
1501050,24,2
1501053,81,7
1501110,60,5
1501112,60,5
1501114,0,0
1501139,69,6
1501143,6,1
1501154,81,7
1501163,84,7
1501169,84,7
1501175,12,1
1501181,84,7
1501183,60,5
1501216,71,6
1501227,12,1
1501231,84,7
1501234,36,3
1501235,88,7
1501240,68,6
1501257,12,1
1501259,26,2
1501266,36,3
1501281,27,2
1501285,60,5
1501290,12,1
1501291,23,2
1501328,12,1
1501346,84,7
1501359,82,7
1501361,48,4
1501362,1,0
1501381,60,5
1501404,84,7
1501405,60,5
1501406,48,4
1501408,72,6
1501419,84,7
1501434,18,2
1501439,60,5
1501445,84,7
1501452,84,7
1501453,60,5
1501470,12,1
1501498,12,1
1501504,12,1
1501526,48,4
1501547,12,1
1501549,12,1
1501554,94,8
1501560,12,1
1501576,150,13
1501602,60,5
1501629,15,1
1501641,11,1
1501674,61,5
1501675,60,5
1501743,12,1
1501745,4,0
1501749,12,1
1501778,0,0
1501786,48,4
1501791,39,3
1501793,12,1
1501847,60,5
1501848,84,7
1501886,84,7
1501906,84,7
1501942,5,0
1501947,15,1
1501949,84,7
1501954,48,4
1501958,12,1
1501963,5,0
1501971,36,3
1501984,20,2
1501985,84,7
1502002,48,4
1502009,52,4
1502016,60,5
1502054,72,6
1502062,10,1
1502065,84,7
1502069,90,8
1502079,84,7
1502088,12,1
1502130,24,2
1502148,60,5
1502149,60,5
1502163,80,7
1502170,25,2
1502171,84,7
1502190,12,1
1502209,12,1
1502211,8,1
1502228,5,0
1502263,12,1
1502299,2,0
1502304,23,2
1502318,84,7
1502323,46,4
1502329,12,1
1502394,84,7
1502399,58,5
1502404,70,6
1502430,48,4
1502452,84,7
1502454,84,7
1502474,60,5
1502476,71,6
1502509,11,1
1502512,84,7
1502538,15,1
1502544,84,7
1502562,60,5
1502582,111,9
1502600,48,4
1502612,84,7
1502613,26,2
1502617,8,1
1502621,48,4
1502648,60,5
1502652,92,8
1502672,46,4
1502681,82,7
1502684,48,4
1502694,60,5
1502697,72,6
1502702,22,2
1502752,48,4
1502753,48,4
1502759,48,4
1502785,83,7
1502793,42,4
1502842,90,8
1502908,83,7
1502909,2,0
1502914,84,7
1502944,12,1
1502946,12,1
1502952,109,9
1502961,1,0
1502962,12,1
1502979,84,7
1502992,15,1
1503019,95,8
1503022,84,7
1503023,48,4
1503037,36,3
1503042,36,3
1503045,3,0
1503046,15,1
1503066,84,7
1503067,5,0
1503071,81,7
1503083,12,1
1503110,60,5
1503141,41,3
1503152,12,1
1503167,60,5
1503205,36,3
1503213,4,0
1503218,77,6
1503220,48,4
1503245,83,7
1503247,60,5
1503251,9,1
1503258,60,5
1503262,12,1
1503271,36,3
1503282,12,1
1503283,76,6
1503324,60,5
1503328,84,7
1503333,84,7
1503335,43,4
1503342,2,0
1503344,48,4
1503386,22,2
1503393,84,7
1503405,61,5
1503459,83,7
1503483,83,7
1503513,48,4
1503514,12,1
1503574,22,2
1503589,48,4
1503590,50,4
1503610,60,5
1503622,12,1
1503652,70,6
1503662,59,5
1503690,60,5
1503709,36,3
1503714,60,5
1503717,35,3
1503735,1,0
1503773,12,1
1503787,41,3
1503788,48,4
1503809,48,4
1503819,36,3
1503893,60,5
1503929,60,5
1503968,15,1
1503973,60,5
1503977,60,5
1503979,20,2
1503981,60,5
1503982,60,5
1503989,60,5
1503998,84,7
1504000,60,5
1504030,40,3
1504071,60,5
1504082,82,7
1504092,82,7
1504095,60,5
1504099,60,5
1504136,84,7
1504148,61,5
1504149,82,7
1504178,48,4
1504199,36,3
1504219,60,5
1504226,28,2
1504231,36,3
1504233,84,7
1504234,60,5
1504243,84,7
1504245,63,5
1504247,6,1
1504259,46,4
1504260,49,4
1504261,84,7
1504265,57,5
1504329,35,3
1504330,83,7
1504332,60,5
1504335,83,7
1504337,10,1
1504339,80,7
1504350,60,5
1504362,60,5
1504398,36,3
1504400,60,5
1504401,60,5
1504402,119,10
1504468,48,4
1504480,48,4
1504511,48,4
1504518,84,7
1504539,142,12
1504540,48,4
1504542,48,4
1504556,20,2
1504560,60,5
1504565,60,5
1504602,84,7
1504603,84,7
1504604,37,3
1504615,73,6
1504648,75,6
1504655,15,1
1504658,61,5
1504683,48,4
1504684,74,6
1504685,84,7
1504705,25,2
1504706,72,6
1504710,12,1
1504715,23,2
1504758,12,1
1504772,12,1
1504777,83,7
1504784,84,7
1504802,84,7
1504827,83,7
1504829,82,7
1504830,12,1
1504834,48,4
1504862,60,5
1504865,60,5
1504871,60,5
1504872,48,4
1504882,7,1
1504946,83,7
1504951,11,1
1504963,58,5
1505042,60,5
1505043,48,4
1505053,25,2
1505072,48,4
1505096,60,5
1505097,83,7
1505109,84,7
1505140,12,1
1505143,24,2
1505195,84,7
1505258,84,7
1505259,12,1
1505280,96,8
1505283,14,1
1505286,12,1
1505288,48,4
1505314,60,5
1505328,84,7
1505374,12,1
1505375,46,4
1505408,12,1
1505410,12,1
1505425,82,7
1505426,12,1
1505428,83,7
1505439,59,5
1505507,68,6
1505542,12,1
1505546,48,4
1505550,36,3
1505576,24,2
1505602,120,10
1505636,36,3
1505647,60,5
1505650,32,3
1505653,60,5
1505659,60,5
1505662,84,7
1505678,16,1
1505680,60,5
1505681,60,5
1505686,119,10
1505712,60,5
1505741,84,7
1505782,94,8
1505809,36,3
1505811,48,4
1505824,11,1
1505837,12,1
1505848,60,5
1505874,22,2
1505878,60,5
1505881,61,5
1505921,58,5
1505925,60,5
1505932,6,1
1505960,12,1
1505962,12,1
1505964,33,3
1505968,88,7
1505969,18,2
1505977,60,5
1505980,84,7
1505992,36,3
1505996,82,7
1505997,59,5
1505999,12,1
1506082,82,7
1506094,48,4
1506131,12,1
1506145,71,6
1506172,12,1
1506180,15,1
1506185,36,3
1506197,60,5
1506201,84,7
1506203,84,7
1506235,84,7
1506258,60,5
1506268,94,8
1506277,6,1
1506290,18,2
1506298,82,7
1506319,60,5
1506323,84,7
1506327,36,3
1506330,84,7
1506342,12,1
1506383,24,2
1506398,36,3
1506406,30,3
1506410,60,5
1506417,60,5
1506428,12,1
1506447,12,1
1506464,22,2
1506465,48,4
1506472,12,1
1506485,52,4
1506502,9,1
1506543,84,7
1506545,84,7
1506546,33,3
1506548,12,1
1506549,84,7
1506560,48,4
1506562,10,1
1506563,53,4
1506571,60,5
1506577,12,1
1506604,48,4
1506674,36,3
1506687,60,5
1506698,60,5
1506705,67,6
1506725,74,6
1506730,80,7
1506734,111,9
1506736,83,7
1506785,2,0
1506787,84,7
1506797,12,1
1506834,57,5
1506854,12,1
1506872,40,3
1506876,36,3
1506919,60,5
1506934,24,2
1506965,60,5
1506967,48,4
1506992,7,1
1506997,48,4
1506998,83,7
1507009,15,1
1507010,84,7
1507017,48,4
1507022,47,4
1507024,49,4
1507027,82,7
1507032,6,1
1507035,48,4
1507077,12,1
1507120,84,7
1507134,12,1
1507185,60,5
1507199,60,5
1507203,84,7
1507205,60,5
1507209,60,5
1507229,12,1
1507239,12,1
1507278,71,6
1507288,83,7
1507334,81,7
1507335,45,4
1507366,84,7
1507380,84,7
1507399,84,7
1507432,60,5
1507438,60,5
1507522,12,1
1507533,48,4
1507558,95,8
1507559,84,7
1507611,60,5
1507614,48,4
1507625,69,6
1507628,60,5
1507630,14,1
1507638,48,4
1507645,84,7
1507699,95,8
1507704,19,2
1507712,84,7
1507713,12,1
1507723,84,7
1507736,48,4
1507737,58,5
1507745,6,1
1507747,82,7
1507755,59,5
1507763,84,7
1507768,48,4
1507769,60,5
1507771,48,4
1507805,84,7
1507844,48,4
1507846,84,7
1507854,80,7
1507855,60,5
1507857,84,7
1507867,84,7
1507872,13,1
1507877,60,5
1507937,60,5
1507938,84,7
1507957,120,10
1507989,39,3
1508013,84,7
1508021,2,0
1508025,0,0
1508029,83,7
1508030,60,5
1508036,3,0
1508060,58,5
1508077,60,5
1508082,36,3
1508086,83,7
1508103,22,2
1508112,12,1
1508120,48,4
1508131,60,5
1508133,60,5
1508134,60,5
1508137,48,4
1508156,48,4
1508159,9,1
1508162,59,5
1508173,47,4
1508192,84,7
1508201,60,5
1508209,69,6
1508211,10,1
1508218,10,1
1508219,84,7
1508239,83,7
1508244,84,7
1508245,42,4
1508246,84,7
1508280,52,4
1508305,47,4
1508316,84,7
1508318,117,10
1508357,84,7
1508375,12,1
1508384,72,6
1508389,81,7
1508393,48,4
1508400,84,7
1508435,12,1
1508437,84,7
1508464,12,1
1508475,43,4
1508484,84,7
1508500,12,1
1508537,4,0
1508548,12,1
1508553,5,0
1508556,48,4
1508558,60,5
1508564,60,5
1508573,79,7
1508581,60,5
1508587,83,7
1508625,84,7
1508629,84,7
1508642,84,7
1508647,78,7
1508652,60,5
1508653,25,2
1508658,60,5
1508685,12,1
1508715,64,5
1508733,84,7
1508735,83,7
1508737,60,5
1508738,12,1
1508753,36,3
1508780,39,3
1508790,60,5
1508797,83,7
1508841,60,5
1508843,29,2
1508887,60,5
1508897,12,1
1508908,60,5
1508909,24,2
1508916,60,5
1508938,72,6
1508959,36,3
1508960,83,7
1508962,60,5
1508963,23,2
1508965,60,5
1508967,60,5
1508979,60,5
1508981,12,1
1508984,77,6
1509008,83,7
1509020,24,2
1509045,48,4
1509051,84,7
1509082,84,7
1509090,76,6
1509096,18,2
1509098,15,1
1509105,60,5
1509114,83,7
1509116,70,6
1509185,60,5
1509188,48,4
1509206,36,3
1509226,12,1
1509236,60,5
1509258,24,2
1509259,84,7
1509270,84,7
1509278,35,3
1509312,60,5
1509320,1,0
1509342,84,7
1509346,60,5
1509351,47,4
1509408,36,3
1509418,26,2
1509427,84,7
1509428,84,7
1509435,48,4
1509440,12,1
1509451,12,1
1509455,24,2
1509461,36,3
1509464,24,2
1509480,84,7
1509486,83,7
1509493,84,7
1509498,4,0
1509507,60,5
1509509,12,1
1509510,24,2
1509512,60,5
1509534,18,2
1509544,3,0
1509576,12,1
1509580,12,1
1509588,48,4
1509591,12,1
1509601,60,5
1509603,83,7
1509604,48,4
1509608,66,6
1509635,60,5
1509638,2,0
1509639,84,7
1509644,47,4
1509648,60,5
1509653,15,1
1509654,3,0
1509659,85,7
1509694,60,5
1509695,60,5
1509712,60,5
1509728,12,1
1509736,48,4
1509737,60,5
1509740,60,5
1509743,21,2
1509744,12,1
1509745,0,0
1509749,43,4
1509755,84,7
1509757,60,5
1509770,12,1
1509782,47,4
1509792,84,7
1509801,60,5
1509802,34,3
1509803,3,0
1509804,12,1
1509806,6,1
1509811,60,5
1509833,48,4
1509873,84,7
1509880,84,7
1509902,2,0
1509944,60,5
1509949,50,4
1509951,20,2
1509960,105,9
1509962,83,7
1509966,14,1
1509967,60,5
1509970,84,7
1509991,48,4
1510010,84,7
1510015,83,7
1510030,36,3
1510032,60,5
1510088,84,7
1510092,18,2
1510104,60,5
1510114,60,5
1510122,84,7
1510137,84,7
1510171,24,2
1510172,24,2
1510181,37,3
1510182,20,2
1510183,36,3
1510232,62,5
1510258,138,12
1510260,84,7
1510266,68,6
1510267,62,5
1510268,60,5
1510277,56,5
1510291,48,4
1510354,60,5
1510375,60,5
1510391,60,5
1510394,38,3
1510429,24,2
1510435,60,5
1510451,48,4
1510452,60,5
1510460,12,1
1510466,12,1
1510469,60,5
1510532,84,7
1510544,80,7
1510595,62,5
1510596,48,4
1510609,81,7
1510610,16,1
1510612,60,5
1510615,58,5
1510622,84,7
1510627,84,7
1510635,83,7
1510663,48,4
1510675,48,4
1510710,84,7
1510723,99,8
1510729,60,5
1510741,60,5
1510746,12,1
1510758,79,7
1510767,60,5
1510771,11,1
1510777,4,0
1510778,60,5
1510780,60,5
1510796,48,4
1510798,36,3
1510799,48,4
1510809,12,1
1510810,60,5
1510812,74,6
1510841,60,5
1510868,48,4
1510870,83,7
1510893,12,1
1510903,2,0
1510915,60,5
1510939,48,4
1510954,15,1
1510964,48,4
1510968,48,4
1510971,24,2
1510982,84,7
1510987,60,5
1510998,84,7
1511001,84,7
1511004,60,5
1511005,84,7
1511034,36,3
1511037,84,7
1511091,84,7
1511110,70,6
1511115,84,7
1511116,60,5
1511118,83,7
1511128,36,3
1511138,12,1
1511140,36,3
1511151,24,2
1511163,84,7
1511170,6,1
1511181,60,5
1511184,60,5
1511187,83,7
1511188,83,7
1511232,48,4
1511237,36,3
1511246,60,5
1511292,48,4
1511324,12,1
1511334,48,4
1511362,84,7
1511366,21,2
1511380,48,4
1511399,48,4
1511409,83,7
1511415,60,5
1511420,23,2
1511421,60,5
1511423,9,1
1511434,48,4
1511438,60,5
1511439,71,6
1511475,12,1
1511504,18,2
1511508,48,4
1511521,35,3
1511525,84,7
1511537,84,7
1511541,12,1
1511545,49,4
1511578,33,3
1511582,19,2
1511648,84,7
1511667,83,7
1511681,60,5
1511717,48,4
1511721,132,11
1511722,83,7
1511726,83,7
1511738,84,7
1511748,74,6
1511756,48,4
1511777,48,4
1511780,8,1
1511787,48,4
1511790,84,7
1511812,27,2
1511815,60,5
1511831,60,5
1511832,84,7
1511833,84,7
1511838,83,7
1511840,24,2
1511849,48,4
1511864,60,5
1511901,60,5
1511902,60,5
1511911,7,1
1511915,83,7
1511947,84,7
1511963,83,7
1511970,84,7
1511973,24,2
1511977,84,7
1511995,2,0
1512011,84,7
1512038,60,5
1512071,12,1
1512079,60,5
1512084,84,7
1512095,12,1
1512097,48,4
1512099,0,0
1512109,60,5
1512117,84,7
1512128,41,3
1512129,84,7
1512130,48,4
1512133,48,4
1512134,70,6
1512138,36,3
1512142,120,10
1512164,12,1
1512183,12,1
1512192,60,5
1512195,26,2
1512205,83,7
1512250,41,3
1512257,60,5
1512262,19,2
1512263,8,1
1512264,60,5
1512279,72,6
1512280,84,7
1512286,60,5
1512291,12,1
1512298,84,7
1512319,3,0
1512323,26,2
1512406,83,7
1512418,82,7
1512420,36,3
1512436,75,6
1512438,36,3
1512440,84,7
1512445,35,3
1512446,84,7
1512479,71,6
1512491,84,7
1512502,48,4
1512504,12,1
1512507,84,7
1512520,84,7
1512529,84,7
1512533,36,3
1512534,23,2
1512552,60,5
1512565,79,7
1512605,84,7
1512612,60,5
1512613,72,6
1512614,84,7
1512619,48,4
1512620,60,5
1512633,83,7
1512641,60,5
1512688,48,4
1512689,32,3
1512690,24,2
1512694,60,5
1512697,12,1
1512698,84,7
1512707,43,4
1512711,84,7
1512723,84,7
1512735,84,7
1512744,48,4
1512753,3,0
1512789,84,7
1512794,17,1
1512807,70,6
1512809,60,5
1512818,24,2
1512824,35,3
1512826,83,7
1512851,60,5
1512871,60,5
1512922,84,7
1512954,12,1
1512969,36,3
1513017,71,6
1513021,60,5
1513032,84,7
1513034,84,7
1513040,48,4
1513049,16,1
1513063,36,3
1513071,84,7
1513075,84,7
1513092,60,5
1513096,24,2
1513119,84,7
1513120,12,1
1513122,28,2
1513123,84,7
1513141,82,7
1513163,36,3
1513164,60,5
1513175,84,7
1513196,48,4
1513220,59,5
1513226,24,2
1513237,32,3
1513248,3,0
1513252,31,3
1513262,84,7
1513277,84,7
1513284,44,4
1513288,48,4
1513289,60,5
1513290,81,7
1513363,23,2
1513368,84,7
1513389,12,1
1513405,48,4
1513406,24,2
1513410,24,2
1513418,84,7
1513424,60,5
1513425,36,3
1513426,68,6
1513431,72,6
1513432,48,4
1513447,2,0
1513451,60,5
1513474,84,7
1513495,48,4
1513497,60,5
1513501,60,5
1513505,36,3
1513515,60,5
1513517,12,1
1513523,12,1
1513525,48,4
1513527,60,5
1513541,84,7
1513545,84,7
1513547,9,1
1513551,60,5
1513563,36,3
1513586,12,1
1513606,48,4
1513616,12,1
1513621,84,7
1513623,40,3
1513635,84,7
1513639,60,5
1513696,59,5
1513701,48,4
1513715,48,4
1513717,48,4
1513718,9,1
1513719,82,7
1513728,36,3
1513730,60,5
1513742,23,2
1513744,5,0
1513760,60,5
1513763,5,0
1513764,60,5
1513775,48,4
1513779,84,7
1513832,36,3
1513872,75,6
1513883,37,3
1513904,84,7
1513924,7,1
1513929,84,7
1513933,60,5
1513936,78,7
1513943,19,2
1513961,29,2
1513994,18,2
1513996,8,1
1514001,79,7
1514003,10,1
1514011,84,7
1514013,83,7
1514029,5,0
1514030,60,5
1514035,195,16
1514046,48,4
1514047,84,7
1514048,34,3
1514056,60,5
1514070,39,3
1514115,12,1
1514122,12,1
1514172,120,10
1514178,10,1
1514187,81,7
1514210,84,7
1514213,60,5
1514218,108,9
1514221,4,0
1514227,84,7
1514236,48,4
1514258,60,5
1514270,60,5
1514272,60,5
1514273,30,3
1514295,60,5
1514297,60,5
1514299,83,7
1514307,31,3
1514317,12,1
1514319,84,7
1514331,12,1
1514340,60,5
1514348,16,1
1514355,82,7
1514356,12,1
1514367,84,7
1514408,60,5
1514417,15,1
1514418,60,5
1514425,60,5
1514429,51,4
1514440,60,5
1514448,6,1
1514450,84,7
1514453,84,7
1514457,36,3
1514503,83,7
1514505,48,4
1514523,48,4
1514529,17,1
1514548,24,2
1514567,83,7
1514571,48,4
1514576,119,10
1514586,84,7
1514602,81,7
1514607,60,5
1514628,120,10
1514632,10,1
1514669,84,7
1514675,27,2
1514685,60,5
1514686,39,3
1514693,83,7
1514694,3,0
1514699,84,7
1514709,60,5
1514726,60,5
1514727,60,5
1514735,48,4
1514743,12,1
1514744,60,5
1514751,60,5
1514764,81,7
1514776,83,7
1514781,80,7
1514802,104,9
1514808,60,5
1514809,60,5
1514811,48,4
1514815,5,0
1514822,12,1
1514826,34,3
1514834,48,4
1514841,83,7
1514849,60,5
1514867,60,5
1514869,14,1
1514871,84,7
1514872,75,6
1514873,84,7
1514888,32,3
1514890,84,7
1514892,60,5
1514896,12,1
1514901,84,7
1514923,36,3
1514924,24,2
1514931,77,6
1514940,48,4
1514941,24,2
1514944,12,1
1514950,60,5
1514990,48,4
1514992,60,5
1514993,71,6
1515004,83,7
1515010,84,7
1515011,67,6
1515015,60,5
1515018,84,7
1515019,60,5
1515021,83,7
1515037,84,7
1515039,86,7
1515056,85,7
1515074,71,6
1515084,36,3
1515106,60,5
1515109,75,6
1515111,48,4
1515142,95,8
1515157,29,2
1515160,60,5
1515162,24,2
1515182,84,7
1515187,60,5
1515199,2,0
1515203,59,5
1515205,81,7
1515208,12,1
1515213,60,5
1515218,82,7
1515220,48,4
1515232,11,1
1515257,84,7
1515271,39,3
1515274,15,1
1515288,84,7
1515289,60,5
1515297,4,0
1515299,60,5
1515335,48,4
1515345,82,7
1515368,12,1
1515371,35,3
1515374,48,4
1515428,8,1
1515458,83,7
1515460,84,7
1515469,12,1
1515471,12,1
1515474,84,7
1515476,62,5
1515480,84,7
1515495,60,5
1515506,60,5
1515507,84,7
1515508,84,7
1515516,81,7
1515519,83,7
1515534,83,7
1515540,13,1
1515559,24,2
1515560,84,7
1515576,16,1
1515581,36,3
1515603,33,3
1515645,37,3
1515646,60,5
1515653,72,6
1515655,60,5
1515718,79,7
1515722,12,1
1515741,60,5
1515751,60,5
1515786,36,3
1515794,12,1
1515801,12,1
1515805,82,7
1515810,48,4
1515812,38,3
1515813,60,5
1515820,71,6
1515824,60,5
1515872,48,4
1515893,48,4
1515927,8,1
1515961,61,5
1515976,74,6
1515981,84,7
1515986,24,2
1516001,12,1
1516003,84,7
1516008,48,4
1516009,48,4
1516011,80,7
1516030,10,1
1516038,60,5
1516039,79,7
1516040,60,5
1516043,11,1
1516053,12,1
1516121,80,7
1516125,82,7
1516126,24,2
1516139,84,7
1516142,82,7
1516153,48,4
1516156,4,0
1516161,12,1
1516165,48,4
1516170,48,4
1516171,12,1
1516174,4,0
1516179,83,7
1516189,12,1
1516202,66,6
1516209,5,0
1516211,12,1
1516214,2,0
1516216,83,7
1516221,84,7
1516225,23,2
1516241,42,4
1516244,5,0
1516293,15,1
1516295,84,7
1516298,60,5
1516300,76,6
1516305,84,7
1516306,84,7
1516330,12,1
1516331,20,2
1516338,72,6
1516364,84,7
1516398,22,2
1516399,11,1
1516401,84,7
1516403,60,5
1516405,10,1
1516411,60,5
1516417,84,7
1516420,60,5
1516428,84,7
1516431,28,2
1516432,56,5
1516439,60,5
1516442,12,1
1516444,12,1
1516460,82,7
1516467,36,3
1516478,84,7
1516504,84,7
1516511,84,7
1516513,12,1
1516523,60,5
1516542,1,0
1516543,40,3
1516544,48,4
1516548,48,4
1516571,82,7
1516572,84,7
1516574,84,7
1516612,60,5
1516659,4,0
1516662,84,7
1516666,48,4
1516685,11,1
1516688,72,6
1516690,48,4
1516700,12,1
1516713,48,4
1516729,17,1
1516735,6,1
1516739,77,6
1516748,48,4
1516753,84,7
1516754,48,4
1516755,6,1
1516761,36,3
1516768,18,2
1516771,84,7
1516777,79,7
1516833,48,4
1516847,51,4
1516855,60,5
1516859,36,3
1516860,83,7
1516897,60,5
1516899,30,3
1516902,60,5
1516904,12,1
1516906,84,7
1516909,80,7
1516913,19,2
1516918,84,7
1516922,12,1
1516943,48,4
1516945,84,7
1516956,84,7
1517034,84,7
1517048,83,7
1517053,48,4
1517065,27,2
1517069,83,7
1517102,84,7
1517103,36,3
1517104,31,3
1517105,79,7
1517108,18,2
1517123,84,7
1517132,36,3
1517133,15,1
1517138,48,4
1517141,83,7
1517147,84,7
1517160,60,5
1517165,48,4
1517166,60,5
1517199,82,7
1517205,12,1
1517213,36,3
1517217,12,1
1517224,73,6
1517235,84,7
1517241,75,6
1517244,12,1
1517247,48,4
1517253,82,7
1517260,12,1
1517280,84,7
1517288,43,4
1517289,119,10
1517290,66,6
1517294,60,5
1517297,60,5
1517300,60,5
1517315,12,1
1517318,11,1
1517362,15,1
1517367,12,1
1517370,15,1
1517380,12,1
1517397,9,1
1517455,14,1
1517477,70,6
1517488,1,0
1517496,84,7
1517502,60,5
1517506,47,4
1517520,4,0
1517525,84,7
1517530,35,3
1517534,48,4
1517540,84,7
1517550,84,7
1517553,36,3
1517554,4,0
1517555,84,7
1517559,60,5
1517562,48,4
1517563,48,4
1517567,60,5
1517614,84,7
1517616,84,7
1517630,84,7
1517631,60,5
1517635,16,1
1517663,83,7
1517664,83,7
1517668,84,7
1517671,83,7
1517673,11,1
1517677,84,7
1517689,81,7
1517711,18,2
1517719,12,1
1517726,60,5
1517745,60,5
1517749,84,7
1517765,48,4
1517773,84,7
1517782,20,2
1517784,48,4
1517785,60,5
1517788,12,1
1517790,84,7
1517799,60,5
1517816,84,7
1517831,83,7
1517844,84,7
1517860,84,7
1517884,23,2
1517886,12,1
1517894,72,6
1517903,82,7
1517906,81,7
2006442,60,5
2006572,84,7
2006582,60,5
2006597,12,1
2006610,7,1
2006616,12,1
2006619,72,6
2006638,76,6
2006641,12,1
2006653,83,7
2006676,36,3
2006679,84,7
2006689,71,6
2006691,49,4
2006718,120,10
2006728,84,7
2006760,48,4
2006766,20,2
2006794,84,7
2006795,71,6
2006800,84,7
2006844,84,7
2006846,12,1
2006856,84,7
2006873,48,4
2006879,41,3
2006884,38,3
2006891,60,5
2006907,60,5
2006931,84,7
2006964,78,7
2006966,36,3
2006968,120,10
2006971,84,7
2006972,60,5
2006973,60,5
2007033,3,0
2007042,83,7
2007046,18,2
2007050,81,7
2007062,12,1
2007063,12,1
2007065,78,7
2007068,90,8
2007071,48,4
2007079,60,5
2007086,120,10
2007089,49,4
2007091,35,3
2007097,60,5
2007115,60,5
2007126,12,1
2007137,60,5
2007152,60,5
2007153,36,3
2007167,60,5
2007171,9,1
2007177,60,5
2007182,60,5
2007193,67,6
2007207,12,1
2007208,13,1
2007244,60,5
2007245,48,4
2007261,3,0
2007300,48,4
2007301,60,5
2007304,84,7
2007308,83,7
2007326,24,2
2007330,25,2
2007368,60,5
2007372,118,10
2007375,48,4
2007376,84,7
2007384,84,7
2007385,60,5
2007392,84,7
2007397,84,7
2007401,36,3
2007412,1,0
2007414,48,4
2007415,36,3
2007419,84,7
2007423,60,5
2007437,51,4
2007484,12,1
2007498,12,1
2007534,84,7
2007535,83,7
2007537,36,3
2007544,84,7
2007545,84,7
2007555,36,3
2007577,6,1
2007578,22,2
2007586,75,6
2007595,36,3
2007629,85,7
2007630,43,4
2007645,84,7
2007659,24,2
2007677,12,1
2007686,60,5
2007692,84,7
2007700,71,6
2007716,84,7
2007732,22,2
2007734,36,3
2007738,60,5
2007739,18,2
2007741,84,7
2007743,84,7
2007748,84,7
2007752,84,7
2007754,12,1
2007765,6,1
2007767,60,5
2007768,60,5
2007769,84,7
2007771,84,7
2007777,84,7
2007778,81,7
2007781,24,2
2007782,82,7
2007793,60,5
2007796,84,7
2007799,27,2
2007800,48,4
2007801,48,4
2007807,84,7
2007811,84,7
2007818,84,7
2007831,47,4
2007840,84,7
2007847,60,5
2007848,84,7
2007849,60,5
2007866,18,2
2007867,84,7
2007930,126,11
2007932,17,1
2007936,84,7
2007938,18,2
2007944,2,0
2007945,12,1
2007950,84,7
2007959,60,5
2007962,24,2
2007987,47,4
2008011,37,3
2008038,84,7
2008047,29,2
2008052,20,2
2008086,83,7
2008087,25,2
2008107,10,1
2008115,48,4
2008116,48,4
2008119,22,2
2008127,12,1
2008132,37,3
2008133,34,3
2008142,84,7
2008154,60,5
2008158,83,7
2008163,60,5
2008195,48,4
2008197,84,7
2008207,83,7
2008209,84,7
2008238,60,5
2008245,20,2
2008268,8,1
2008279,84,7
2008293,70,6
2008294,84,7
2008307,84,7
2008313,60,5
2008314,60,5
2008315,60,5
2008336,60,5
2008338,60,5
2008341,12,1
2008379,32,3
2008390,84,7
2008392,24,2
2008394,86,7
2008396,84,7
2008409,60,5
2008417,83,7
2008434,13,1
2008487,23,2
2008505,83,7
2008507,104,9
2008515,63,5
2008518,60,5
2008524,85,7
2008531,56,5
2008533,60,5
2008540,60,5
2008566,12,1
2008581,60,5
2008587,8,1
2008594,36,3
2008596,36,3
2008641,60,5
2008645,12,1
2008665,85,7
2008669,6,1
2008673,11,1
2008678,83,7
2008689,83,7
2008690,27,2
2008696,8,1
2008698,110,9
2008699,12,1
2008705,54,5
2008710,12,1
2008764,76,6
2008786,84,7
2008824,29,2
2008826,48,4
2008831,60,5
2008851,81,7
2008855,12,1
2008862,59,5
2008865,48,4
2008869,124,10
2008892,20,2
2008937,81,7
2008940,2,0
2008953,72,6
2008958,84,7
2008966,84,7
2008969,12,1
2009027,50,4
2009036,84,7
2009049,36,3
2009059,84,7
2009074,60,5
2009087,12,1
2009092,4,0
2009115,81,7
2009116,82,7
2009138,84,7
2009145,23,2
2009148,84,7
2009175,23,2
2009178,41,3
2009181,24,2
2009189,34,3
2009198,38,3
2009199,26,2
2009239,84,7
2009240,0,0
2009247,36,3
2009250,60,5
2009253,12,1
2009260,12,1
2009284,84,7
2009289,83,7
2009319,80,7
2009335,4,0
2009338,60,5
2009355,58,5
2009356,60,5
2009363,84,7
2009366,60,5
2009405,60,5
2009409,84,7
2009427,40,3
2009454,10,1
2009457,60,5
2009461,60,5
2009463,7,1
2009466,12,1
2009469,83,7
2009495,78,7
2009498,83,7
2009499,84,7
2009526,29,2
2009528,5,0
2009529,84,7
2009535,84,7
2009550,48,4
2009551,71,6
2009552,12,1
2009558,2,0
2009561,12,1
2009571,60,5
2009575,84,7
2009618,10,1
2009620,84,7
2009621,77,6
2009623,39,3
2009653,12,1
2009658,12,1
2009666,60,5
2009667,84,7
2009669,50,4
2009674,84,7
2009675,60,5
2009677,12,1
2009680,60,5
2009681,84,7
2009683,12,1
2009696,60,5
2009703,95,8
2009704,74,6
2009705,12,1
2009709,38,3
2009712,82,7
2009737,118,10
2009747,60,5
2009790,60,5
2009795,5,0
2009797,72,6
2009830,56,5
2009831,84,7
2009861,84,7
2009886,84,7
2009887,60,5
2009896,13,1
2009899,60,5
2009900,84,7
2009902,4,0
2009909,51,4
2009914,27,2
2009915,48,4
2009945,86,7
2009953,23,2
2009960,60,5
2009961,48,4
2009962,66,6
2009968,60,5
2009983,60,5
2010027,18,2
2010060,12,1
2010067,48,4
2010069,6,1
2010071,71,6
2010072,60,5
2010078,84,7
2010079,27,2
2010117,84,7
2010119,84,7
2010132,48,4
2010141,60,5
2010153,60,5
2010160,31,3
2010196,81,7
2010198,18,2
2010214,48,4
2010216,48,4
2010217,9,1
2010239,84,7
2010241,24,2
2010249,15,1
2010260,60,5
2010261,84,7
2010263,83,7
2010281,12,1
2010305,11,1
2010313,79,7
2010314,18,2
2010339,60,5
2010345,36,3
2010375,48,4
2010377,6,1
2010378,25,2
2010379,48,4
2010380,84,7
2010381,24,2
2010391,12,1
2010395,12,1
2010416,84,7
2010430,60,5
2010436,55,5
2010442,10,1
2010465,12,1
2010492,17,1
2010502,14,1
2010503,83,7
2010518,12,1
2010528,38,3
2010562,3,0
2010577,12,1
2010582,39,3
2010583,83,7
2010602,60,5
2010643,48,4
2010651,84,7
2010654,48,4
2010660,84,7
2010675,16,1
2010678,60,5
2010687,62,5
2010689,19,2
2010690,12,1
2010691,36,3
2010693,73,6
2010695,12,1
2010706,82,7
2010707,60,5
2010722,23,2
2010785,84,7
2010786,41,3
2010804,62,5
2010826,60,5
2010840,36,3
2010846,60,5
2010867,84,7
2010873,82,7
2010875,84,7
2010879,84,7
2010880,22,2
2010887,84,7
2010928,60,5
2010952,84,7
2010964,60,5
2010966,83,7
2010970,82,7
2010996,21,2
2011009,12,1
2011013,12,1
2011018,36,3
2011025,60,5
2011058,65,5
2011062,48,4
2011083,86,7
2011085,23,2
2011087,60,5
2011094,84,7
2011095,60,5
2011096,60,5
2011100,69,6
2011104,48,4
2011105,12,1
2011114,2,0
2011117,18,2
2011118,12,1
2011126,81,7
2011128,58,5
2011137,12,1
2011161,89,7
2011175,12,1
2011239,84,7
2011242,48,4
2011249,73,6
2011250,48,4
2011260,48,4
2011263,48,4
2011266,48,4
2011276,48,4
2011277,48,4
2011286,84,7
2011292,58,5
2011294,17,1
2011299,84,7
2011303,36,3
2011309,36,3
2011310,30,3
2011320,36,3
2011337,12,1
2011355,12,1
2011374,84,7
2011384,8,1
2011416,84,7
2011422,84,7
2011423,24,2
2011424,60,5
2011425,84,7
2011437,84,7
2011476,5,0
2011477,68,6
2011490,82,7
2011492,12,1
2011498,83,7
2011500,48,4
2011503,7,1
2011506,12,1
2011509,84,7
2011510,60,5
2011512,36,3
2011525,12,1
2011527,12,1
2011542,85,7
2011553,33,3
2011555,83,7
2011561,41,3
2011569,48,4
2011574,60,5
2011605,84,7
2011620,84,7
2011624,82,7
2011627,60,5
2011634,84,7
2011638,12,1
2011646,36,3
2011670,60,5
2011672,60,5
2011692,60,5
2011704,60,5
2011706,83,7
2011719,83,7
2011722,24,2
2011734,83,7
2011780,84,7
2011782,23,2
2011818,84,7
2011849,84,7
2011856,12,1
2011876,12,1
2011877,8,1
2011882,12,1
2011884,60,5
2011886,12,1
2011887,47,4
2011894,84,7
2011895,31,3
2011897,84,7
2011907,60,5
2011918,84,7
2011919,36,3
2011955,60,5
2011960,84,7
2011967,60,5
2011979,12,1
2011994,84,7
2012052,48,4
2012054,7,1
2012065,84,7
2012075,84,7
2012077,82,7
2012088,84,7
2012098,12,1
2012107,12,1
2012130,60,5
2012141,12,1
2012175,83,7
2012179,60,5
2012182,60,5
2012204,12,1
2012271,3,0
2012274,73,6
2012275,18,2
2012287,84,7
2012302,60,5
2012303,37,3
2012304,73,6
2012316,6,1
2012322,83,7
2012324,12,1
2012357,97,8
2012363,48,4
2012391,60,5
2012393,84,7
2012394,84,7
2012396,84,7
2012401,12,1
2012405,12,1
2012407,75,6
2012419,39,3
2012420,83,7
2012430,71,6
2012443,48,4
2012450,15,1
2012455,25,2
2012464,83,7
2012486,60,5
2012490,36,3
2012503,48,4
2012513,48,4
2012522,84,7
2012528,16,1
2012532,68,6
2012549,82,7
2012554,82,7
2012593,12,1
2012598,5,0
2012599,89,7
2012616,60,5
2012624,12,1
2012628,12,1
2012629,83,7
2012631,24,2
2012634,84,7
2012671,13,1
2012721,12,1
2012735,24,2
2012743,57,5
2012748,84,7
2012756,73,6
2012758,2,0
2012762,82,7
2012773,84,7
2012775,83,7
2012815,84,7
2012824,27,2
2012827,83,7
2012828,83,7
2012857,107,9
2012861,36,3
2012867,84,7
2012868,84,7
2012870,84,7
2012872,3,0
2012875,84,7
2012880,20,2
2012887,84,7
2012895,13,1
2012896,60,5
2012907,78,7
2012909,60,5
2012928,12,1
2012952,12,1
2012981,84,7
2012983,26,2
2012992,84,7
2013018,12,1
2013020,84,7
2013024,36,3
2013058,3,0
2013067,84,7
2013079,33,3
2013095,14,1
2013125,31,3
2013132,1,0
2013142,3,0
2013143,10,1
2013156,60,5
2013174,12,1
2013176,84,7
2013182,60,5
2013226,38,3
2013228,12,1
2013250,60,5
2013254,60,5
2013289,60,5
2013337,12,1
2013338,12,1
2013349,12,1
2013350,84,7
2013353,83,7
2013393,21,2
2013397,84,7
2013404,84,7
2013406,12,1
2013421,7,1
2013425,60,5
2013430,72,6
2013431,81,7
2013438,84,7
2013440,84,7
2013441,30,3
2013446,34,3
2013450,79,7
2013453,48,4
2013486,70,6
2013512,54,5
2013529,44,4
2013535,15,1
2013554,12,1
2013556,81,7
2013573,12,1
2013589,84,7
2013595,84,7
2013598,102,9
2013600,5,0
2013607,85,7
2013610,84,7
2013618,12,1
2013647,84,7
2013649,15,1
2013684,19,2
2013686,60,5
2013690,84,7
2013711,84,7
2013712,48,4
2013733,83,7
2013738,84,7
2013743,2,0
2013754,83,7
2013755,84,7
2013770,48,4
2013773,60,5
2013781,81,7
2013831,12,1
2013844,36,3
2013849,12,1
2013885,84,7
2013886,83,7
2013914,60,5
2013915,13,1
2013933,24,2
2013940,53,4
2013942,84,7
2013956,84,7
2013980,60,5
2014011,84,7
2014027,17,1
2014031,84,7
2014033,9,1
2014034,12,1
2014035,12,1
2014036,25,2
2014078,29,2
2014090,60,5
2014093,48,4
2014096,60,5
2014098,38,3
2014115,12,1
2014160,27,2
2014176,84,7
2014181,60,5
2014199,12,1
2014216,27,2
2014221,27,2
2014223,83,7
2014225,66,6
2014230,12,1
2014233,51,4
2014244,27,2
2014294,60,5
2014319,12,1
2014324,83,7
2014326,60,5
2014347,44,4
2014348,5,0
2014370,82,7
2014374,11,1
2014394,84,7
2014400,26,2
2014435,84,7
2014440,41,3
2014488,84,7
2014500,9,1
2014504,12,1
2014507,84,7
2014511,48,4
2014534,72,6
2014557,60,5
2014591,24,2
2014616,84,7
2014619,96,8
2014631,84,7
2014660,10,1
2014661,36,3
2014706,68,6
2014715,12,1
2014741,84,7
2014756,60,5
2014759,84,7
2014765,52,4
2014775,84,7
2014784,29,2
2014805,60,5
2014814,60,5
2014828,60,5
2014830,63,5
2014832,48,4
2014834,12,1
2014836,81,7
2014840,22,2
2014843,12,1
2014850,83,7
2014855,60,5
2014878,84,7
2014897,48,4
2014907,36,3
2014942,23,2
2014969,43,4
2014988,84,7
2014997,84,7
2014998,31,3
2015007,3,0
2015039,84,7
2015046,13,1
2015050,9,1
2015051,84,7
2015080,38,3
2015107,12,1
2015111,60,5
2015123,60,5
2015133,12,1
2015137,36,3
2015139,7,1
2015159,60,5
2015161,84,7
2015168,36,3
2015201,60,5
2015228,12,1
2015239,84,7
2015256,35,3
2015265,83,7
2015316,84,7
2015318,83,7
2015319,84,7
2015320,24,2
2015321,38,3
2015325,36,3
2015328,73,6
2015359,84,7
2015368,61,5
2015391,12,1
2015392,48,4
2015395,16,1
2015424,4,0
2015435,84,7
2015436,60,5
2015445,84,7
2015455,83,7
2015460,60,5
2015461,84,7
2015462,60,5
2015465,36,3
2015490,76,6
2015493,80,7
2015505,12,1
2015510,90,8
2015517,12,1
2015519,12,1
2015521,83,7
2015522,12,1
2015523,83,7
2015535,34,3
2015545,51,4
2015548,32,3
2015563,72,6
2015567,84,7
2015568,60,5
2015569,13,1
2015575,84,7
2015578,84,7
2015580,35,3
2015586,60,5
2015655,83,7
2015657,54,5
2015674,37,3
2015689,84,7
2015690,28,2
2015691,83,7
2015703,79,7
2015749,12,1
2015782,18,2
2015783,60,5
2015786,84,7
2015791,48,4
2015808,60,5
2015827,21,2
2015835,60,5
2015837,84,7
2015880,44,4
2015898,7,1
2015907,36,3
2015922,84,7
2015942,121,10
2015979,84,7
2015986,67,6
2016008,84,7
2016013,12,1
2016051,12,1
2016056,83,7
2016080,60,5
2016081,39,3
2016105,84,7
2016118,83,7
2016119,83,7
2016137,60,5
2016191,60,5
2016196,20,2
2016206,29,2
2016224,60,5
2016253,12,1
2016270,84,7
2016271,84,7
2016306,83,7
2016326,12,1
2016331,60,5
2016384,82,7
2016389,84,7
2016393,84,7
2016398,60,5
2016404,102,9
2016409,60,5
2016432,12,1
2016451,9,1
2016463,36,3
2016480,79,7
2016484,36,3
2016488,83,7
2016491,48,4
2016494,84,7
2016503,1,0
2016540,3,0
2016542,84,7
2016546,45,4
2016549,84,7
2016552,71,6
2016568,60,5
2016570,54,5
2016586,82,7
2016588,60,5
2016589,50,4
2016600,60,5
2016602,24,2
2016626,81,7
2016628,84,7
2016637,84,7
2016642,7,1
2016664,62,5
2016667,34,3
